[
  {
    "title": "Emergency Leak Repair",
    "desc": "Burst pipes, slab leaks, and mystery drips\u2014found and fixed fast."
  },
  {
    "title": "Water Heaters",
    "desc": "Install & repair for tank and tankless units with safe, clean setup."
  },
  {
    "title": "Drain Cleaning",
    "desc": "From P-traps to main lines. Camera inspection available."
  },
  {
    "title": "Toilets & Fixtures",
    "desc": "Repairs, replacements, and upgrades that don\u2019t leak or wobble."
  },
  {
    "title": "Water Pressure & PRV",
    "desc": "Diagnose low/high pressure, install/replace PRVs."
  },
  {
    "title": "Remodels & Repipes",
    "desc": "Kitchens, baths, and whole-home piping\u2014code-compliant."
  }
]